ACC_NUCCORE,CreateDate_NUCCORE,GC_NUCCORE,Host_BIOSAMPLE,IsolationSource_BIOSAMPLE,Length_NUCCORE,Location_BIOSAMPLE,SamplType_BIOSAMPLE,Topology_NUCCORE,loc_lat,loc_lng,loc_parsed,plasmidfinder,pmlst,taxon_class_name,taxon_family_name,taxon_genus_name,taxon_name,taxon_order_name,taxon_phylum_name,taxon_species_name,taxon_superkingdom_name,D1,D2
CP054464.1,2020-06-14,51.6817593790427,Homo sapiens,rectal swab from healthy college student,1546,USA: California,whole organism,circular,36.7014631,-118.7559974,"USA,California","Col(MG828)_1, NC_008486, ",,Gammaproteobacteria (1236),Enterobacteriaceae (543),Escherichia (561),Escherichia coli,Enterobacterales (91347),Proteobacteria (1224),Escherichia coli (562),Bacteria (2),-1.310535,-4.8388534000000005
CP054463.1,2020-06-14,47.14285714285714,Homo sapiens,rectal swab from healthy college student,2100,USA: California,whole organism,circular,36.7014631,-118.7559974,"USA,California","Col(BS512)_1, NC_010656, ",,Gammaproteobacteria (1236),Enterobacteriaceae (543),Escherichia (561),Escherichia coli,Enterobacterales (91347),Proteobacteria (1224),Escherichia coli (562),Bacteria (2),5.073642,-6.6907897
CP054462.1,2020-06-14,51.50848522941546,Homo sapiens,rectal swab from healthy college student,3182,USA: California,whole organism,circular,36.7014631,-118.7559974,"USA,California","Col(pHAD28)_1, KU674895, ",,Gammaproteobacteria (1236),Enterobacteriaceae (543),Escherichia (561),Escherichia coli,Enterobacterales (91347),Proteobacteria (1224),Escherichia coli (562),Bacteria (2),4.287526000000001,5.7530375
CP054461.1,2020-06-14,47.62449914138523,Homo sapiens,rectal swab from healthy college student,6988,USA: California,whole organism,circular,36.7014631,-118.7559974,"USA,California","ColRNAI_1, DQ298019, ",,Gammaproteobacteria (1236),Enterobacteriaceae (543),Escherichia (561),Escherichia coli,Enterobacterales (91347),Proteobacteria (1224),Escherichia coli (562),Bacteria (2),4.1366467,-4.850461
CP054460.1,2020-06-14,50.28928223635218,Homo sapiens,rectal swab from healthy college student,34914,USA: California,whole organism,not-set,36.7014631,-118.7559974,"USA,California","IncB/O/K/Z_1, CU928147, ",,Gammaproteobacteria (1236),Enterobacteriaceae (543),Escherichia (561),Escherichia coli,Enterobacterales (91347),Proteobacteria (1224),Escherichia coli (562),Bacteria (2),-3.173016,12.713141
CP054459.1,2020-06-14,53.320089097585935,Homo sapiens,rectal swab from healthy college student,83055,USA: California,whole organism,not-set,36.7014631,-118.7559974,"USA,California","IncB/O/K/Z_1, CU928147, ",,Gammaproteobacteria (1236),Enterobacteriaceae (543),Escherichia (561),Escherichia coli,Enterobacterales (91347),Proteobacteria (1224),Escherichia coli (562),Bacteria (2),-3.1977556000000003,12.707624
CP054458.1,2020-06-14,52.55851225111538,Homo sapiens,rectal swab from healthy college student,138518,USA: California,whole organism,circular,36.7014631,-118.7559974,"USA,California","IncFIB(AP001918)_1, AP001918, |IncFII_1, AY458016, |IncFIC(FII)_1, AP001918, |IncFIA_1, AP001918, ","IncF RST(F-:A-:B-):FIA(4,20);FIB(58?);FIC(3?);FII(31,36);FIIK(-);FIIS(-);FIIY(-)",Gammaproteobacteria (1236),Enterobacteriaceae (543),Escherichia (561),Escherichia coli,Enterobacterales (91347),Proteobacteria (1224),Escherichia coli (562),Bacteria (2),7.554854400000001,10.430933
CP054456.1,2020-06-14,49.41205291523764,Homo sapiens,rectal swab from healthy college student,4082,USA: California,whole organism,circular,36.7014631,-118.7559974,"USA,California","Col8282_1, DQ995352, ",,Gammaproteobacteria (1236),Enterobacteriaceae (543),Escherichia (561),Escherichia coli,Enterobacterales (91347),Proteobacteria (1224),Escherichia coli (562),Bacteria (2),-8.506567,10.795513
CP054455.1,2020-06-14,50.69584058537279,Homo sapiens,rectal swab from healthy college student,140765,USA: California,whole organism,circular,36.7014631,-118.7559974,"USA,California","IncFIB(AP001918)_1, AP001918, |IncFII_1, AY458016, ",IncF RST(F2:A-:B-):FIA(-);FIB(58?);FIC(-);FII(2);FIIK(-);FIIS(-);FIIY(-),Gammaproteobacteria (1236),Enterobacteriaceae (543),Escherichia (561),Escherichia coli,Enterobacterales (91347),Proteobacteria (1224),Escherichia coli (562),Bacteria (2),-0.8822521999999999,11.326822
CP054453.1,2020-06-14,51.09993714644877,Homo sapiens,rectal swab from healthy college student,1591,USA: California,whole organism,circular,36.7014631,-118.7559974,"USA,California","Col(MG828)_1, NC_008486, ",,Gammaproteobacteria (1236),Enterobacteriaceae (543),Escherichia (561),Escherichia coli,Enterobacterales (91347),Proteobacteria (1224),Escherichia coli (562),Bacteria (2),-1.5953043,-5.2695565
CP054452.1,2020-06-14,47.27488151658768,Homo sapiens,rectal swab from healthy college student,5064,USA: California,whole organism,circular,36.7014631,-118.7559974,"USA,California","Col156_1, NC_009781, ",,Gammaproteobacteria (1236),Enterobacteriaceae (543),Escherichia (561),Escherichia coli,Enterobacterales (91347),Proteobacteria (1224),Escherichia coli (562),Bacteria (2),-4.129883,-4.486039599999999
CP054451.1,2020-06-14,48.60094705122686,Homo sapiens,rectal swab from healthy college student,6969,USA: California,whole organism,circular,36.7014631,-118.7559974,"USA,California","ColRNAI_1, DQ298019, ",,Gammaproteobacteria (1236),Enterobacteriaceae (543),Escherichia (561),Escherichia coli,Enterobacterales (91347),Proteobacteria (1224),Escherichia coli (562),Bacteria (2),9.639203,5.679956
CP054450.1,2020-06-14,50.91366690814618,Homo sapiens,rectal swab from healthy college student,160124,USA: California,whole organism,circular,36.7014631,-118.7559974,"USA,California","IncFIB(AP001918)_1, AP001918, |Col156_1, NC_009781, |IncFII_1, AY458016, ",IncF RST(F95:A-:B10):FIA(-);FIB(10);FIC(-);FII(95);FIIK(-);FIIS(-);FIIY(-),Gammaproteobacteria (1236),Enterobacteriaceae (543),Escherichia (561),Escherichia coli,Enterobacterales (91347),Proteobacteria (1224),Escherichia coli (562),Bacteria (2),0.6490324000000001,11.717717
CP054342.1,2020-06-10,51.86855670103093,Homo sapiens,rectal swab from healthy college student,1552,USA: California,whole organism,circular,36.7014631,-118.7559974,"USA,California","Col(MG828)_1, NC_008486, ",,Gammaproteobacteria (1236),Enterobacteriaceae (543),Escherichia (561),Escherichia coli,Enterobacterales (91347),Proteobacteria (1224),Escherichia coli (562),Bacteria (2),-1.122884,-4.4988203
CP054341.1,2020-06-10,47.17432950191572,Homo sapiens,rectal swab from healthy college student,2088,USA: California,whole organism,circular,36.7014631,-118.7559974,"USA,California","Col(BS512)_1, NC_010656, ",,Gammaproteobacteria (1236),Enterobacteriaceae (543),Escherichia (561),Escherichia coli,Enterobacterales (91347),Proteobacteria (1224),Escherichia coli (562),Bacteria (2),5.0780106,-6.6885414
CP054340.1,2020-06-10,53.34171380683009,Homo sapiens,rectal swab from healthy college student,4773,USA: California,whole organism,circular,36.7014631,-118.7559974,"USA,California","Col(pHAD28)_1, KU674895, ",,Gammaproteobacteria (1236),Enterobacteriaceae (543),Escherichia (561),Escherichia coli,Enterobacterales (91347),Proteobacteria (1224),Escherichia coli (562),Bacteria (2),1.21334,0.9833388
CP054339.1,2020-06-10,47.5416182733256,Homo sapiens,rectal swab from healthy college student,5166,USA: California,whole organism,circular,36.7014631,-118.7559974,"USA,California","Col156_1, NC_009781, ",,Gammaproteobacteria (1236),Enterobacteriaceae (543),Escherichia (561),Escherichia coli,Enterobacterales (91347),Proteobacteria (1224),Escherichia coli (562),Bacteria (2),-4.120951,-4.477064
CP054338.1,2020-06-10,52.51972307196909,Homo sapiens,rectal swab from healthy college student,6211,USA: California,whole organism,circular,36.7014631,-118.7559974,"USA,California","Col(pHAD28)_1, KU674895, ",,Gammaproteobacteria (1236),Enterobacteriaceae (543),Escherichia (561),Escherichia coli,Enterobacterales (91347),Proteobacteria (1224),Escherichia coli (562),Bacteria (2),4.8279595,-0.5358930000000001
CP054337.1,2020-06-10,47.54334381019974,Homo sapiens,rectal swab from healthy college student,98630,USA: California,whole organism,circular,36.7014631,-118.7559974,"USA,California","p0111_1, AP010962, ",,Gammaproteobacteria (1236),Enterobacteriaceae (543),Escherichia (561),Escherichia coli,Enterobacterales (91347),Proteobacteria (1224),Escherichia coli (562),Bacteria (2),-5.7412434,3.959885
CP054336.1,2020-06-10,52.241501193367526,Homo sapiens,rectal swab from healthy college student,142873,USA: California,whole organism,circular,36.7014631,-118.7559974,"USA,California","IncFIB(AP001918)_1, AP001918, |IncFII_1, AY458016, |IncFIC(FII)_1, AP001918, |IncFIA_1, AP001918, ","IncF RST(F-:A-:B-):FIA(-);FIB(~1);FIC(3?);FII(31,36);FIIK(-);FIIS(-);FIIY(-)",Gammaproteobacteria (1236),Enterobacteriaceae (543),Escherichia (561),Escherichia coli,Enterobacterales (91347),Proteobacteria (1224),Escherichia coli (562),Bacteria (2),7.546475,10.438348
CP054334.1,2020-06-10,50.1984126984127,Homo sapiens,rectal swab from healthy college student,1512,USA: California,whole organism,circular,36.7014631,-118.7559974,"USA,California","Col(MG828)_1, NC_008486, ",,Gammaproteobacteria (1236),Enterobacteriaceae (543),Escherichia (561),Escherichia coli,Enterobacterales (91347),Proteobacteria (1224),Escherichia coli (562),Bacteria (2),12.152437,11.654468
CP054333.1,2020-06-10,52.1205654841291,Homo sapiens,rectal swab from healthy college student,3749,USA: California,whole organism,circular,36.7014631,-118.7559974,"USA,California","Col156_1, NC_009781, ",,Gammaproteobacteria (1236),Enterobacteriaceae (543),Escherichia (561),Escherichia coli,Enterobacterales (91347),Proteobacteria (1224),Escherichia coli (562),Bacteria (2),-4.284428599999999,-4.639304
CP054332.1,2020-06-10,49.596675629430464,Homo sapiens,rectal swab from healthy college student,4091,USA: California,whole organism,circular,36.7014631,-118.7559974,"USA,California","Col8282_1, DQ995352, ",,Gammaproteobacteria (1236),Enterobacteriaceae (543),Escherichia (561),Escherichia coli,Enterobacterales (91347),Proteobacteria (1224),Escherichia coli (562),Bacteria (2),-8.426441,10.427179
CP054331.1,2020-06-10,47.15173025732032,Homo sapiens,rectal swab from healthy college student,5635,USA: California,whole organism,circular,36.7014631,-118.7559974,"USA,California","ColRNAI_1, DQ298019, ",,Gammaproteobacteria (1236),Enterobacteriaceae (543),Escherichia (561),Escherichia coli,Enterobacterales (91347),Proteobacteria (1224),Escherichia coli (562),Bacteria (2),4.880503,20.067825
CP054330.1,2020-06-10,53.65506675421317,Homo sapiens,rectal swab from healthy college student,9138,USA: California,whole organism,circular,36.7014631,-118.7559974,"USA,California",,,Gammaproteobacteria (1236),Enterobacteriaceae (543),Escherichia (561),Escherichia coli,Enterobacterales (91347),Proteobacteria (1224),Escherichia coli (562),Bacteria (2),-0.97141165,16.30976
CP054329.1,2020-06-10,52.42804967129293,Homo sapiens,rectal swab from healthy college student,68450,USA: California,whole organism,circular,36.7014631,-118.7559974,"USA,California","IncFII(pCoo)_1, CR942285, ",IncF RST(F14:A-:B-):FIA(-);FIB(-);FIC(-);FII(14);FIIK(-);FIIS(-);FIIY(-),Gammaproteobacteria (1236),Enterobacteriaceae (543),Escherichia (561),Escherichia coli,Enterobacterales (91347),Proteobacteria (1224),Escherichia coli (562),Bacteria (2),0.40368757,10.56697
CP054324.1,2020-06-10,47.13677236157122,Homo sapiens,rectal swab from healthy college student,2113,USA: California,whole organism,circular,36.7014631,-118.7559974,"USA,California","Col(BS512)_1, NC_010656, ",,Gammaproteobacteria (1236),Enterobacteriaceae (543),Escherichia (561),Escherichia coli,Enterobacterales (91347),Proteobacteria (1224),Escherichia coli (562),Bacteria (2),5.072826,-6.689153
CP054323.1,2020-06-10,51.47347740667976,Homo sapiens,rectal swab from healthy college student,4072,USA: California,whole organism,circular,36.7014631,-118.7559974,"USA,California",,,Gammaproteobacteria (1236),Enterobacteriaceae (543),Escherichia (561),Escherichia coli,Enterobacterales (91347),Proteobacteria (1224),Escherichia coli (562),Bacteria (2),-8.843864,10.472459
CP054322.1,2020-06-10,47.46320681642138,Homo sapiens,rectal swab from healthy college student,5164,USA: California,whole organism,circular,36.7014631,-118.7559974,"USA,California","Col156_1, NC_009781, ",,Gammaproteobacteria (1236),Enterobacteriaceae (543),Escherichia (561),Escherichia coli,Enterobacterales (91347),Proteobacteria (1224),Escherichia coli (562),Bacteria (2),-4.1545196,-4.510301
CP054321.1,2020-06-10,52.10028444797248,Homo sapiens,rectal swab from healthy college student,90702,USA: California,whole organism,circular,36.7014631,-118.7559974,"USA,California","IncQ1_1, M28829, |IncFIA_1, AP001918, |IncFIB(AP001918)_1, AP001918, |Col156_1, NC_009781, ","IncF RST(F-:A-:B10):FIA(1,6);FIB(10);FIC(-);FII(-);FIIK(-);FIIS(-);FIIY(-)",Gammaproteobacteria (1236),Enterobacteriaceae (543),Escherichia (561),Escherichia coli,Enterobacterales (91347),Proteobacteria (1224),Escherichia coli (562),Bacteria (2),-1.9189364,5.899138
CP054320.1,2020-06-10,40.74458058435438,Homo sapiens,rectal swab from healthy college student,42440,USA: California,whole organism,circular,36.7014631,-118.7559974,"USA,California","IncX1_4, JN935898, |IncX9_1, NC_010257, ",,Gammaproteobacteria (1236),Enterobacteriaceae (543),Escherichia (561),Escherichia coli,Enterobacterales (91347),Proteobacteria (1224),Escherichia coli (562),Bacteria (2),6.129102,14.370593
CP054318.1,2020-06-10,50.95971257655859,Homo sapiens,rectal swab from healthy college student,112169,USA: California,whole organism,circular,36.7014631,-118.7559974,"USA,California","IncFII(29)_1, CP003035, |Col156_1, NC_009781, |IncFIB(AP001918)_1, AP001918, ",IncF RST(F29:A-:B10):FIA(-);FIB(10);FIC(-);FII(29);FIIK(-);FIIS(-);FIIY(-),Gammaproteobacteria (1236),Enterobacteriaceae (543),Escherichia (561),Escherichia coli,Enterobacterales (91347),Proteobacteria (1224),Escherichia coli (562),Bacteria (2),0.5219616,11.994183
CP054316.1,2020-06-10,50.04319484803269,Homo sapiens,rectal swab from healthy college student,89131,USA: California,whole organism,not-set,36.7014631,-118.7559974,"USA,California","IncI1-I(Alpha)_1, AP005147, ",,Gammaproteobacteria (1236),Enterobacteriaceae (543),Escherichia (561),Escherichia coli,Enterobacterales (91347),Proteobacteria (1224),Escherichia coli (562),Bacteria (2),-2.24654,2.7868235
CP054315.1,2020-06-10,45.39927290961514,Homo sapiens,rectal swab from healthy college student,79770,USA: California,whole organism,not-set,36.7014631,-118.7559974,"USA,California","IncFII(pRSB107)_1, AJ851089, ",IncF RST(F-:A-:B-):FIA(-);FIB(-);FIC(-);FII(~6);FIIK(-);FIIS(-);FIIY(-),Gammaproteobacteria (1236),Enterobacteriaceae (543),Escherichia (561),Escherichia coli,Enterobacterales (91347),Proteobacteria (1224),Escherichia coli (562),Bacteria (2),1.1617215,10.536812
CP051693.1,2020-04-30,47.36119192285314,Homo sapiens,rectal swab from healthy college student,104839,USA: California,whole organism,linear,36.7014631,-118.7559974,"USA,California","IncFIB(AP001918)_1, AP001918, |IncFII(pRSB107)_1, AJ851089, ",IncF RST(F1:A-:B54):FIA(-);FIB(54);FIC(3?);FII(1);FIIK(-);FIIS(-);FIIY(-),Gammaproteobacteria (1236),Enterobacteriaceae (543),Escherichia (561),Escherichia coli,Enterobacterales (91347),Proteobacteria (1224),Escherichia coli (562),Bacteria (2),-2.11617,6.472371
CP051750.1,2020-04-30,51.5718420802885,Homo sapiens,rectal swab from healthy college student,84296,USA: California,whole organism,circular,36.7014631,-118.7559974,"USA,California","IncFIB(AP001918)_1, AP001918, |IncFII_1, AY458016, ",IncF RST(F24:A-:B-):FIA(-);FIB(58?);FIC(-);FII(24);FIIK(-);FIIS(-);FIIY(-),Gammaproteobacteria (1236),Enterobacteriaceae (543),Escherichia (561),Escherichia coli,Enterobacterales (91347),Proteobacteria (1224),Escherichia coli (562),Bacteria (2),-0.76735395,11.099274
NZ_CP054386.1,2020-08-04,44.45664105378705,Homo sapiens,rectal swab from healthy college student,1822,USA: California,whole organism,circular,36.7014631,-118.7559974,"USA,California","Col(MG828)_1, NC_008486, ",,Gammaproteobacteria (1236),Enterobacteriaceae (543),Escherichia (561),Escherichia coli,Enterobacterales (91347),Proteobacteria (1224),Escherichia coli (562),Bacteria (2),-5.8476515,11.083826
NZ_CP054384.1,2020-08-04,47.50193648334624,Homo sapiens,rectal swab from healthy college student,5164,USA: California,whole organism,circular,36.7014631,-118.7559974,"USA,California","Col156_1, NC_009781, ",,Gammaproteobacteria (1236),Enterobacteriaceae (543),Escherichia (561),Escherichia coli,Enterobacterales (91347),Proteobacteria (1224),Escherichia coli (562),Bacteria (2),-4.164726,-4.520363
NZ_CP053387.1,2020-08-04,48.21600771456124,Homo sapiens,rectal swab from healthy college student,2074,USA: California,whole organism,circular,36.7014631,-118.7559974,"USA,California",,,Gammaproteobacteria (1236),Enterobacteriaceae (543),Escherichia (561),Escherichia coli,Enterobacterales (91347),Proteobacteria (1224),Escherichia coli (562),Bacteria (2),5.0641904,-6.6991277
NZ_CP051852.1,2021-04-10,55.12437810945274,Homo sapiens,rectal swab from healthy college student,1005,USA: California,whole organism,linear,36.7014631,-118.7559974,"USA,California",,,Gammaproteobacteria (1236),Enterobacteriaceae (543),Escherichia (561),Escherichia coli,Enterobacterales (91347),Proteobacteria (1224),Escherichia coli (562),Bacteria (2),0.37398002,11.048456
NZ_CP051851.1,2021-04-10,45.36144578313253,Homo sapiens,rectal swab from healthy college student,4980,USA: California,whole organism,linear,36.7014631,-118.7559974,"USA,California","ColRNAI_1, DQ298019, ",,Gammaproteobacteria (1236),Enterobacteriaceae (543),Escherichia (561),Escherichia coli,Enterobacterales (91347),Proteobacteria (1224),Escherichia coli (562),Bacteria (2),1.8237077,4.1022644
NZ_CP051850.1,2021-04-10,48.8490364025696,Homo sapiens,rectal swab from healthy college student,7472,USA: California,whole organism,linear,36.7014631,-118.7559974,"USA,California","ColRNAI_1, DQ298019, ",,Gammaproteobacteria (1236),Enterobacteriaceae (543),Escherichia (561),Escherichia coli,Enterobacterales (91347),Proteobacteria (1224),Escherichia coli (562),Bacteria (2),8.855146000000001,5.5162663
NZ_CP054414.1,2021-04-28,52.16803706900468,Homo sapiens,rectal swab from healthy college student,88052,USA: California,whole organism,circular,36.7014631,-118.7559974,"USA,California","IncFIB(AP001918)_1, AP001918, |Col156_1, NC_009781, |IncQ1_1, M28829, |IncFIA_1, AP001918, ","IncF RST(F-:A-:B-):FIA(1,6);FIB(10?);FIC(-);FII(-);FIIK(-);FIIS(-);FIIY(-)",Gammaproteobacteria (1236),Enterobacteriaceae (543),Escherichia (561),Escherichia coli,Enterobacterales (91347),Proteobacteria (1224),Escherichia coli (562),Bacteria (2),-1.9382491,5.8753166
NZ_CP054413.1,2021-04-28,50.154652263232,Homo sapiens,rectal swab from healthy college student,86646,USA: California,whole organism,circular,36.7014631,-118.7559974,"USA,California","IncI1-I(Alpha)_1, AP005147, ",,Gammaproteobacteria (1236),Enterobacteriaceae (543),Escherichia (561),Escherichia coli,Enterobacterales (91347),Proteobacteria (1224),Escherichia coli (562),Bacteria (2),-2.506873,2.7260635
NZ_CP053255.2,2020-05-19,47.13677236157122,Homo sapiens,rectal swab from healthy college student,2113,USA: California,whole organism,circular,36.7014631,-118.7559974,"USA,California","Col(BS512)_1, NC_010656, ",,Gammaproteobacteria (1236),Enterobacteriaceae (543),Escherichia (561),Escherichia coli,Enterobacterales (91347),Proteobacteria (1224),Escherichia coli (562),Bacteria (2),5.0740743,-6.6900415
NZ_CP053254.2,2020-05-19,51.620029455081,Homo sapiens,rectal swab from healthy college student,4074,USA: California,whole organism,circular,36.7014631,-118.7559974,"USA,California",,,Gammaproteobacteria (1236),Enterobacteriaceae (543),Escherichia (561),Escherichia coli,Enterobacterales (91347),Proteobacteria (1224),Escherichia coli (562),Bacteria (2),-8.782891000000001,10.458339
NZ_CP053252.2,2020-05-19,44.58822285653876,Homo sapiens,rectal swab from healthy college student,47295,USA: California,whole organism,circular,36.7014631,-118.7559974,"USA,California",,,Gammaproteobacteria (1236),Enterobacteriaceae (543),Escherichia (561),Escherichia coli,Enterobacterales (91347),Proteobacteria (1224),Escherichia coli (562),Bacteria (2),-6.2494407,14.167162
NZ_CP060082.1,2020-08-28,46.12903225806453,Homo sapiens,feces from healthy individual,1240,Germany,isolate,circular,51.0834196,10.4234469,Germany,,,Gammaproteobacteria (1236),Enterobacteriaceae (543),Escherichia (561),Escherichia coli,Enterobacterales (91347),Proteobacteria (1224),Escherichia coli (562),Bacteria (2),0.3587159,1.1018344
NZ_CP060080.1,2020-08-28,51.93428722840488,Homo sapiens,feces from healthy individual,1887,Germany,isolate,circular,51.0834196,10.4234469,Germany,"Col440I_1, CP023920, ",,Gammaproteobacteria (1236),Enterobacteriaceae (543),Escherichia (561),Escherichia coli,Enterobacterales (91347),Proteobacteria (1224),Escherichia coli (562),Bacteria (2),0.47865173,1.4549242
NZ_CP060078.1,2020-08-28,42.983083154634265,Homo sapiens,feces from healthy individual,4197,Germany,isolate,circular,51.0834196,10.4234469,Germany,"ColRNAI_1, DQ298019, ",,Gammaproteobacteria (1236),Enterobacteriaceae (543),Escherichia (561),Escherichia coli,Enterobacterales (91347),Proteobacteria (1224),Escherichia coli (562),Bacteria (2),8.8520775,5.3972282
NZ_CP060077.1,2020-08-28,44.60571066993593,Homo sapiens,feces from healthy individual,50572,Germany,isolate,circular,51.0834196,10.4234469,Germany,"IncX3_1, JN247852, |IncX1_1, EU370913, ",,Gammaproteobacteria (1236),Enterobacteriaceae (543),Escherichia (561),Escherichia coli,Enterobacterales (91347),Proteobacteria (1224),Escherichia coli (562),Bacteria (2),6.183405400000001,14.304901999999998
NZ_CP060076.1,2020-08-28,50.798249704811326,Homo sapiens,feces from healthy individual,100783,Germany,isolate,circular,51.0834196,10.4234469,Germany,"IncFIB(K)_1, JN233704, |IncFIA(HI1)_1, AF250878, ",IncF RST(F-:A-:B-):FIA(~13);FIB(-);FIC(-);FII(-);FIIK(-);FIIS(-);FIIY(-),Gammaproteobacteria (1236),Enterobacteriaceae (543),Escherichia (561),Escherichia coli,Enterobacterales (91347),Proteobacteria (1224),Escherichia coli (562),Bacteria (2),3.9196799,9.233627
NZ_CP060063.1,2020-08-28,48.668721973094165,Homo sapiens,feces from healthy individual,7136,Germany,isolate,circular,51.0834196,10.4234469,Germany,"ColRNAI_1, DQ298019, ",,Gammaproteobacteria (1236),Enterobacteriaceae (543),Escherichia (561),Escherichia coli,Enterobacterales (91347),Proteobacteria (1224),Escherichia coli (562),Bacteria (2),4.1026115,-4.8827343
NZ_CP060062.1,2020-08-28,47.88062153741348,Homo sapiens,feces from healthy individual,99817,Germany,isolate,circular,51.0834196,10.4234469,Germany,"IncB/O/K/Z_1, CU928147, ",,Gammaproteobacteria (1236),Enterobacteriaceae (543),Escherichia (561),Escherichia coli,Enterobacterales (91347),Proteobacteria (1224),Escherichia coli (562),Bacteria (2),-2.9769926,12.71889
NZ_CP060072.1,2020-08-28,51.18924508790072,Homo sapiens,feces from healthy individual,1934,Germany,isolate,circular,51.0834196,10.4234469,Germany,"ColpVC_1, JX133088, ",,Gammaproteobacteria (1236),Enterobacteriaceae (543),Escherichia (561),Escherichia coli,Enterobacterales (91347),Proteobacteria (1224),Escherichia coli (562),Bacteria (2),5.229707,-6.4969835
NZ_CP060071.1,2020-08-28,33.4468085106383,Homo sapiens,feces from healthy individual,2350,Germany,isolate,circular,51.0834196,10.4234469,Germany,"Col(IRGK)_1, AY543071, ",,Gammaproteobacteria (1236),Enterobacteriaceae (543),Escherichia (561),Escherichia coli,Enterobacterales (91347),Proteobacteria (1224),Escherichia coli (562),Bacteria (2),7.224997999999999,-6.0493693
NZ_CP060070.1,2020-08-28,49.09769757311762,Homo sapiens,feces from healthy individual,3214,Germany,isolate,circular,51.0834196,10.4234469,Germany,"Col(pHAD28)_1, KU674895, ",,Gammaproteobacteria (1236),Enterobacteriaceae (543),Escherichia (561),Escherichia coli,Enterobacterales (91347),Proteobacteria (1224),Escherichia coli (562),Bacteria (2),0.6952632,1.3524075
NZ_CP060069.1,2020-08-28,52.92535305985205,Homo sapiens,feces from healthy individual,4461,Germany,isolate,circular,51.0834196,10.4234469,Germany,"Col440I_1, CP023920, ",,Gammaproteobacteria (1236),Enterobacteriaceae (543),Escherichia (561),Escherichia coli,Enterobacterales (91347),Proteobacteria (1224),Escherichia coli (562),Bacteria (2),1.1783183000000002,0.980673
NZ_CP060068.1,2020-08-28,60.53045805131436,Homo sapiens,feces from healthy individual,12706,Germany,isolate,circular,51.0834196,10.4234469,Germany,,,Gammaproteobacteria (1236),Enterobacteriaceae (543),Escherichia (561),Escherichia coli,Enterobacterales (91347),Proteobacteria (1224),Escherichia coli (562),Bacteria (2),2.6409990000000003,6.046411
NZ_CP060067.1,2020-08-28,50.216100158938175,Homo sapiens,feces from healthy individual,35863,Germany,isolate,circular,51.0834196,10.4234469,Germany,"IncN3_1, EF219134, ",IncN MLST(-):repN(-);traJ(-);korA(-);(-);(-);(-);(-),Gammaproteobacteria (1236),Enterobacteriaceae (543),Escherichia (561),Escherichia coli,Enterobacterales (91347),Proteobacteria (1224),Escherichia coli (562),Bacteria (2),3.4802423,5.969075
NZ_CP060066.1,2020-08-28,51.31316130425394,Homo sapiens,feces from healthy individual,148192,Germany,isolate,circular,51.0834196,10.4234469,Germany,"p0111_1, AP010962, ",,Gammaproteobacteria (1236),Enterobacteriaceae (543),Escherichia (561),Escherichia coli,Enterobacterales (91347),Proteobacteria (1224),Escherichia coli (562),Bacteria (2),-5.4845524,4.158306
NZ_CP060060.1,2020-08-28,51.06520335700453,Homo sapiens,feces from healthy individual,1549,Germany,isolate,circular,51.0834196,10.4234469,Germany,"Col(MG828)_1, NC_008486, ",,Gammaproteobacteria (1236),Enterobacteriaceae (543),Escherichia (561),Escherichia coli,Enterobacterales (91347),Proteobacteria (1224),Escherichia coli (562),Bacteria (2),-1.5899836,-5.2608676
NZ_CP060059.1,2020-08-28,48.668721973094165,Homo sapiens,feces from healthy individual,7136,Germany,isolate,circular,51.0834196,10.4234469,Germany,"ColRNAI_1, DQ298019, ",,Gammaproteobacteria (1236),Enterobacteriaceae (543),Escherichia (561),Escherichia coli,Enterobacterales (91347),Proteobacteria (1224),Escherichia coli (562),Bacteria (2),4.106078,-4.8798795
NZ_CP060058.1,2020-08-28,47.878617870703394,Homo sapiens,feces from healthy individual,99817,Germany,isolate,circular,51.0834196,10.4234469,Germany,"IncB/O/K/Z_1, CU928147, ",,Gammaproteobacteria (1236),Enterobacteriaceae (543),Escherichia (561),Escherichia coli,Enterobacterales (91347),Proteobacteria (1224),Escherichia coli (562),Bacteria (2),-2.9974396,12.716442
NZ_CP060074.1,2020-08-28,51.53374233128834,Homo sapiens,feces from healthy individual,1304,Germany,isolate,circular,51.0834196,10.4234469,Germany,,,Gammaproteobacteria (1236),Enterobacteriaceae (543),Escherichia (561),Escherichia coli,Enterobacterales (91347),Proteobacteria (1224),Escherichia coli (562),Bacteria (2),0.5721571999999999,1.3001665
NZ_CP053385.1,2020-08-04,43.75493291239148,Homo sapiens,rectal swab from healthy college student,70952,USA: California,whole organism,circular,36.7014631,-118.7559974,"USA,California","IncFII(pRSB107)_1, AJ851089, ",IncF RST(F-:A-:B-):FIA(-);FIB(-);FIC(-);FII(~6);FIIK(-);FIIS(-);FIIY(-),Gammaproteobacteria (1236),Enterobacteriaceae (543),Escherichia (561),Escherichia coli,Enterobacterales (91347),Proteobacteria (1224),Escherichia coli (562),Bacteria (2),1.211019,10.503989
NZ_CP054381.1,2020-08-04,50.68443502746104,Homo sapiens,rectal swab from healthy college student,71738,USA: California,whole organism,circular,36.7014631,-118.7559974,"USA,California","IncFII_1, AY458016, ",IncF RST(F2:A-:B-):FIA(-);FIB(-);FIC(-);FII(2);FIIK(-);FIIS(-);FIIY(-),Gammaproteobacteria (1236),Enterobacteriaceae (543),Escherichia (561),Escherichia coli,Enterobacterales (91347),Proteobacteria (1224),Escherichia coli (562),Bacteria (2),0.7707584,11.2386875
NZ_CP054385.1,2020-08-04,55.26237770530685,Homo sapiens,rectal swab from healthy college student,3373,USA: California,whole organism,circular,36.7014631,-118.7559974,"USA,California",,,Gammaproteobacteria (1236),Enterobacteriaceae (543),Escherichia (561),Escherichia coli,Enterobacterales (91347),Proteobacteria (1224),Escherichia coli (562),Bacteria (2),-5.091199400000001,-5.345903
NZ_CP054380.1,2020-08-04,52.77967655550105,Homo sapiens,rectal swab from healthy college student,124349,USA: California,whole organism,circular,36.7014631,-118.7559974,"USA,California","IncB/O/K/Z_1, CU928147, ",,Gammaproteobacteria (1236),Enterobacteriaceae (543),Escherichia (561),Escherichia coli,Enterobacterales (91347),Proteobacteria (1224),Escherichia coli (562),Bacteria (2),-3.2018068,12.686628
NZ_CP054383.1,2020-08-04,49.222382555715896,Homo sapiens,rectal swab from healthy college student,6237,USA: California,whole organism,circular,36.7014631,-118.7559974,"USA,California","ColRNAI_1, DQ298019, ",,Gammaproteobacteria (1236),Enterobacteriaceae (543),Escherichia (561),Escherichia coli,Enterobacterales (91347),Proteobacteria (1224),Escherichia coli (562),Bacteria (2),9.654186,5.684893
NZ_CP054382.1,2020-08-04,48.9005297003577,Homo sapiens,rectal swab from healthy college student,51161,USA: California,whole organism,circular,36.7014631,-118.7559974,"USA,California","IncFIB(AP001918)_1, AP001918, |Col156_1, NC_009781, |IncFII(29)_1, CP003035, ",IncF RST(F29:A-:B-):FIA(-);FIB(10?);FIC(-);FII(29);FIIK(-);FIIS(-);FIIY(-),Gammaproteobacteria (1236),Enterobacteriaceae (543),Escherichia (561),Escherichia coli,Enterobacterales (91347),Proteobacteria (1224),Escherichia coli (562),Bacteria (2),0.56833047,11.908613
NZ_CP053386.1,2020-08-04,45.74034542984669,Homo sapiens,rectal swab from healthy college student,5153,USA: California,whole organism,circular,36.7014631,-118.7559974,"USA,California","ColRNAI_1, DQ298019, ",,Gammaproteobacteria (1236),Enterobacteriaceae (543),Escherichia (561),Escherichia coli,Enterobacterales (91347),Proteobacteria (1224),Escherichia coli (562),Bacteria (2),9.837092,5.779813
NZ_CP054362.1,2020-06-12,51.86855670103093,Homo sapiens,rectal swab from healthy college student,1552,USA: California,whole organism,circular,36.7014631,-118.7559974,"USA,California","Col(MG828)_1, NC_008486, ",,Gammaproteobacteria (1236),Enterobacteriaceae (543),Escherichia (561),Escherichia coli,Enterobacterales (91347),Proteobacteria (1224),Escherichia coli (562),Bacteria (2),-1.1234655,-4.496428
NZ_CP054361.1,2020-06-12,47.13677236157122,Homo sapiens,rectal swab from healthy college student,2113,USA: California,whole organism,circular,36.7014631,-118.7559974,"USA,California","Col(BS512)_1, NC_010656, ",,Gammaproteobacteria (1236),Enterobacteriaceae (543),Escherichia (561),Escherichia coli,Enterobacterales (91347),Proteobacteria (1224),Escherichia coli (562),Bacteria (2),5.068808,-6.694783
NZ_CP054360.1,2020-06-12,41.19428818693206,Homo sapiens,rectal swab from healthy college student,2311,USA: California,whole organism,circular,36.7014631,-118.7559974,"USA,California","Col(MG828)_1, NC_008486, ",,Gammaproteobacteria (1236),Enterobacteriaceae (543),Escherichia (561),Escherichia coli,Enterobacterales (91347),Proteobacteria (1224),Escherichia coli (562),Bacteria (2),12.237648,11.957835
NZ_CP054359.1,2020-06-12,50.43795620437956,Homo sapiens,rectal swab from healthy college student,4110,USA: California,whole organism,circular,36.7014631,-118.7559974,"USA,California",,,Gammaproteobacteria (1236),Enterobacteriaceae (543),Escherichia (561),Escherichia coli,Enterobacterales (91347),Proteobacteria (1224),Escherichia coli (562),Bacteria (2),-8.588811,10.761938
NZ_CP054358.1,2020-06-12,45.75975160100912,Homo sapiens,rectal swab from healthy college student,5153,USA: California,whole organism,circular,36.7014631,-118.7559974,"USA,California","ColRNAI_1, DQ298019, ",,Gammaproteobacteria (1236),Enterobacteriaceae (543),Escherichia (561),Escherichia coli,Enterobacterales (91347),Proteobacteria (1224),Escherichia coli (562),Bacteria (2),9.824933,5.7944674
NZ_CP054357.1,2020-06-12,42.30230930720784,Homo sapiens,rectal swab from healthy college student,5716,USA: California,whole organism,circular,36.7014631,-118.7559974,"USA,California","Col156_1, NC_009781, ",,Gammaproteobacteria (1236),Enterobacteriaceae (543),Escherichia (561),Escherichia coli,Enterobacterales (91347),Proteobacteria (1224),Escherichia coli (562),Bacteria (2),11.864896,15.378709
NZ_CP054356.1,2020-06-12,50.44824668112339,Homo sapiens,rectal swab from healthy college student,75628,USA: California,whole organism,circular,36.7014631,-118.7559974,"USA,California","IncFII_1, AY458016, ",IncF RST(F2:A-:B-):FIA(-);FIB(-);FIC(-);FII(2);FIIK(-);FIIS(-);FIIY(-),Gammaproteobacteria (1236),Enterobacteriaceae (543),Escherichia (561),Escherichia coli,Enterobacterales (91347),Proteobacteria (1224),Escherichia coli (562),Bacteria (2),0.78346163,11.269182
NZ_CP054355.1,2020-06-12,49.89605253150116,Homo sapiens,rectal swab from healthy college student,78886,USA: California,whole organism,circular,36.7014631,-118.7559974,"USA,California","IncFIB(AP001918)_1, AP001918, |Col156_1, NC_009781, |IncFII(pHN7A8)_1, JN232517, ",IncF RST(F-:A-:B-):FIA(-);FIB(10?);FIC(5?);FII(~33);FIIK(-);FIIS(-);FIIY(-),Gammaproteobacteria (1236),Enterobacteriaceae (543),Escherichia (561),Escherichia coli,Enterobacterales (91347),Proteobacteria (1224),Escherichia coli (562),Bacteria (2),0.58612,11.974522
NZ_CP054354.1,2020-06-12,53.21999903339616,Homo sapiens,rectal swab from healthy college student,82764,USA: California,whole organism,circular,36.7014631,-118.7559974,"USA,California","IncB/O/K/Z_2, GU256641, ",,Gammaproteobacteria (1236),Enterobacteriaceae (543),Escherichia (561),Escherichia coli,Enterobacterales (91347),Proteobacteria (1224),Escherichia coli (562),Bacteria (2),-3.2196128,12.692577
NZ_CP054352.1,2020-06-12,44.56641053787048,Homo sapiens,rectal swab from healthy college student,1822,USA: California,whole organism,circular,36.7014631,-118.7559974,"USA,California","Col(MG828)_1, NC_008486, ",,Gammaproteobacteria (1236),Enterobacteriaceae (543),Escherichia (561),Escherichia coli,Enterobacterales (91347),Proteobacteria (1224),Escherichia coli (562),Bacteria (2),-5.848513,11.084624
NZ_CP054351.1,2020-06-12,45.81622176591375,Homo sapiens,rectal swab from healthy college student,3896,USA: California,whole organism,circular,36.7014631,-118.7559974,"USA,California","ColRNAI_1, DQ298019, ",,Gammaproteobacteria (1236),Enterobacteriaceae (543),Escherichia (561),Escherichia coli,Enterobacterales (91347),Proteobacteria (1224),Escherichia coli (562),Bacteria (2),8.666979,5.666226999999999
NZ_CP054350.1,2020-06-12,49.87696850393701,Homo sapiens,rectal swab from healthy college student,4064,USA: California,whole organism,circular,36.7014631,-118.7559974,"USA,California","Col8282_1, DQ995352, ",,Gammaproteobacteria (1236),Enterobacteriaceae (543),Escherichia (561),Escherichia coli,Enterobacterales (91347),Proteobacteria (1224),Escherichia coli (562),Bacteria (2),-8.727260000000001,10.842834
NZ_CP054349.1,2020-06-12,47.57112444358428,Homo sapiens,rectal swab from healthy college student,5167,USA: California,whole organism,circular,36.7014631,-118.7559974,"USA,California","Col156_1, NC_009781, ",,Gammaproteobacteria (1236),Enterobacteriaceae (543),Escherichia (561),Escherichia coli,Enterobacterales (91347),Proteobacteria (1224),Escherichia coli (562),Bacteria (2),-4.1003265,-4.456077
NZ_CP054348.1,2020-06-12,48.55169767887973,Homo sapiens,rectal swab from healthy college student,5213,USA: California,whole organism,circular,36.7014631,-118.7559974,"USA,California","ColRNAI_1, DQ298019, ",,Gammaproteobacteria (1236),Enterobacteriaceae (543),Escherichia (561),Escherichia coli,Enterobacterales (91347),Proteobacteria (1224),Escherichia coli (562),Bacteria (2),9.173943,5.5847206
NZ_CP054347.1,2020-06-12,47.36281299946724,Homo sapiens,rectal swab from healthy college student,5631,USA: California,whole organism,circular,36.7014631,-118.7559974,"USA,California","ColRNAI_1, DQ298019, ",,Gammaproteobacteria (1236),Enterobacteriaceae (543),Escherichia (561),Escherichia coli,Enterobacterales (91347),Proteobacteria (1224),Escherichia coli (562),Bacteria (2),4.9011602,20.047281
NZ_CP054346.1,2020-06-12,49.7394902181131,Homo sapiens,rectal swab from healthy college student,39154,USA: California,whole organism,circular,36.7014631,-118.7559974,"USA,California","IncFIB(AP001918)_1, AP001918, |IncFII(29)_1, CP003035, ",IncF RST(F29:A-:B10):FIA(-);FIB(10);FIC(-);FII(29);FIIK(-);FIIS(-);FIIY(-),Gammaproteobacteria (1236),Enterobacteriaceae (543),Escherichia (561),Escherichia coli,Enterobacterales (91347),Proteobacteria (1224),Escherichia coli (562),Bacteria (2),0.56570065,11.82528
NZ_CP053285.1,2020-06-12,51.00064557779213,Homo sapiens,rectal swab from healthy college student,1549,USA: California,whole organism,linear,36.7014631,-118.7559974,"USA,California","Col(MG828)_1, NC_008486, ",,Gammaproteobacteria (1236),Enterobacteriaceae (543),Escherichia (561),Escherichia coli,Enterobacterales (91347),Proteobacteria (1224),Escherichia coli (562),Bacteria (2),-1.5906482,-5.263222
NZ_CP054367.1,2020-06-12,38.41423948220065,Homo sapiens,rectal swab from healthy college student,3090,USA: California,whole organism,circular,36.7014631,-118.7559974,"USA,California","Col(MG828)_1, NC_008486, ",,Gammaproteobacteria (1236),Enterobacteriaceae (543),Escherichia (561),Escherichia coli,Enterobacterales (91347),Proteobacteria (1224),Escherichia coli (562),Bacteria (2),12.2183485,11.918762
NZ_CP054366.1,2020-06-12,48.70752906648606,Homo sapiens,rectal swab from healthy college student,8859,USA: California,whole organism,circular,36.7014631,-118.7559974,"USA,California","ColRNAI_1, DQ298019, ",,Gammaproteobacteria (1236),Enterobacteriaceae (543),Escherichia (561),Escherichia coli,Enterobacterales (91347),Proteobacteria (1224),Escherichia coli (562),Bacteria (2),4.1423073,-4.8475704
NZ_CP054365.1,2020-06-12,41.75277581669983,Homo sapiens,rectal swab from healthy college student,31162,USA: California,whole organism,circular,36.7014631,-118.7559974,"USA,California",,,Gammaproteobacteria (1236),Enterobacteriaceae (543),Escherichia (561),Escherichia coli,Enterobacterales (91347),Proteobacteria (1224),Escherichia coli (562),Bacteria (2),2.6543431,7.842957000000001
NZ_CP054364.1,2020-06-12,49.17231892994357,Homo sapiens,rectal swab from healthy college student,126498,USA: California,whole organism,circular,36.7014631,-118.7559974,"USA,California","IncFIB(AP001918)_1, AP001918, |IncFII_1, AY458016, ",IncF RST(F19:A-:B-):FIA(-);FIB(52?);FIC(5?);FII(19);FIIK(-);FIIS(-);FIIY(-),Gammaproteobacteria (1236),Enterobacteriaceae (543),Escherichia (561),Escherichia coli,Enterobacterales (91347),Proteobacteria (1224),Escherichia coli (562),Bacteria (2),-0.8367469000000001,11.225404
NZ_CP054370.1,2020-06-12,49.013951845528936,Homo sapiens,rectal swab from healthy college student,33974,USA: California,whole organism,circular,36.7014631,-118.7559974,"USA,California",,,Gammaproteobacteria (1236),Enterobacteriaceae (543),Escherichia (561),Escherichia coli,Enterobacterales (91347),Proteobacteria (1224),Escherichia coli (562),Bacteria (2),6.693051,6.5398135
NZ_CP054369.1,2020-06-12,48.1646153742514,Homo sapiens,rectal swab from healthy college student,148443,USA: California,whole organism,circular,36.7014631,-118.7559974,"USA,California","IncFIB(AP001918)_1, AP001918, |IncFIC(FII)_1, AP001918, ",IncF RST(F89:A-:B-):FIA(-);FIB(62?);FIC(~6);FII(89);FIIK(-);FIIS(-);FIIY(-),Gammaproteobacteria (1236),Enterobacteriaceae (543),Escherichia (561),Escherichia coli,Enterobacterales (91347),Proteobacteria (1224),Escherichia coli (562),Bacteria (2),-0.7954571,11.108914
NZ_CP053283.1,2020-05-19,51.65618264197423,Homo sapiens,rectal swab from healthy college student,68199,USA: California,whole organism,circular,36.7014631,-118.7559974,"USA,California","IncM1_1, U27345, ",,Gammaproteobacteria (1236),Enterobacteriaceae (543),Escherichia (561),Escherichia coli,Enterobacterales (91347),Proteobacteria (1224),Escherichia coli (562),Bacteria (2),15.196895,19.623497
NZ_CP053282.1,2020-05-19,51.21943172370106,Homo sapiens,rectal swab from healthy college student,151546,USA: California,whole organism,circular,36.7014631,-118.7559974,"USA,California","IncFIB(AP001918)_1, AP001918, |IncQ1_1, M28829, |IncFII_1, AY458016, ",IncF RST(F2:A-:B-):FIA(-);FIB(58?);FIC(-);FII(2);FIIK(-);FIIS(-);FIIY(-),Gammaproteobacteria (1236),Enterobacteriaceae (543),Escherichia (561),Escherichia coli,Enterobacterales (91347),Proteobacteria (1224),Escherichia coli (562),Bacteria (2),-0.8689146000000001,11.309672
NZ_CP053244.1,2020-05-15,38.67773874161609,Homo sapiens,rectal swab from healthy college student,3131,USA: California,whole organism,linear,36.7014631,-118.7559974,"USA,California","Col(MG828)_1, NC_008486, ",,Gammaproteobacteria (1236),Enterobacteriaceae (543),Escherichia (561),Escherichia coli,Enterobacterales (91347),Proteobacteria (1224),Escherichia coli (562),Bacteria (2),12.229729,11.946331
NZ_CP053243.1,2020-05-15,47.39839502976961,Homo sapiens,rectal swab from healthy college student,3863,USA: California,whole organism,linear,36.7014631,-118.7559974,"USA,California","Col(MP18)_1, NC_013652, ",,Gammaproteobacteria (1236),Enterobacteriaceae (543),Escherichia (561),Escherichia coli,Enterobacterales (91347),Proteobacteria (1224),Escherichia coli (562),Bacteria (2),9.564628,7.904673
NZ_CP053242.1,2020-05-15,50.1352348168183,Homo sapiens,rectal swab from healthy college student,4067,USA: California,whole organism,linear,36.7014631,-118.7559974,"USA,California","Col8282_1, DQ995352, ",,Gammaproteobacteria (1236),Enterobacteriaceae (543),Escherichia (561),Escherichia coli,Enterobacterales (91347),Proteobacteria (1224),Escherichia coli (562),Bacteria (2),-8.708264,10.618902
NZ_CP053241.1,2020-05-15,45.44586595379034,Homo sapiens,rectal swab from healthy college student,5237,USA: California,whole organism,linear,36.7014631,-118.7559974,"USA,California","Col156_1, NC_009781, ",,Gammaproteobacteria (1236),Enterobacteriaceae (543),Escherichia (561),Escherichia coli,Enterobacterales (91347),Proteobacteria (1224),Escherichia coli (562),Bacteria (2),11.819872,15.331415
NZ_CP053240.1,2020-05-15,42.010898224644045,Homo sapiens,rectal swab from healthy college student,5689,USA: California,whole organism,linear,36.7014631,-118.7559974,"USA,California","Col156_1, NC_009781, ",,Gammaproteobacteria (1236),Enterobacteriaceae (543),Escherichia (561),Escherichia coli,Enterobacterales (91347),Proteobacteria (1224),Escherichia coli (562),Bacteria (2),11.866485,15.379649
NZ_CP053239.1,2020-05-15,62.87739564190076,Homo sapiens,rectal swab from healthy college student,7618,USA: California,whole organism,linear,36.7014631,-118.7559974,"USA,California","IncQ1_1, M28829, ",,Gammaproteobacteria (1236),Enterobacteriaceae (543),Escherichia (561),Escherichia coli,Enterobacterales (91347),Proteobacteria (1224),Escherichia coli (562),Bacteria (2),5.7974696,7.488929300000001
NZ_CP053238.1,2020-05-15,49.5944949619071,Homo sapiens,rectal swab from healthy college student,8138,USA: California,whole organism,linear,36.7014631,-118.7559974,"USA,California","Col156_1, NC_009781, ",,Gammaproteobacteria (1236),Enterobacteriaceae (543),Escherichia (561),Escherichia coli,Enterobacterales (91347),Proteobacteria (1224),Escherichia coli (562),Bacteria (2),9.330322,19.788795
NZ_CP053237.1,2020-05-15,46.52481032528125,Homo sapiens,rectal swab from healthy college student,11467,USA: California,whole organism,linear,36.7014631,-118.7559974,"USA,California","ColRNAI_1, DQ298019, ",,Gammaproteobacteria (1236),Enterobacteriaceae (543),Escherichia (561),Escherichia coli,Enterobacterales (91347),Proteobacteria (1224),Escherichia coli (562),Bacteria (2),4.1186547,-4.8602004
NZ_CP053236.1,2020-05-15,52.3107416076986,Homo sapiens,rectal swab from healthy college student,111501,USA: California,whole organism,circular,36.7014631,-118.7559974,"USA,California","IncFIB(AP001918)_1, AP001918, |IncFIC(FII)_1, AP001918, ",IncF RST(--:A-:B-):FIA(-);FIB(58?);FIC(4);FII(18);FIIK(-);FIIS(-);FIIY(-),Gammaproteobacteria (1236),Enterobacteriaceae (543),Escherichia (561),Escherichia coli,Enterobacterales (91347),Proteobacteria (1224),Escherichia coli (562),Bacteria (2),-0.86468214,11.11271
NZ_CP053235.1,2020-05-15,49.44635788179349,Homo sapiens,rectal swab from healthy college student,159399,USA: California,whole organism,circular,36.7014631,-118.7559974,"USA,California","IncB/O/K/Z_1, CU928147, ",,Gammaproteobacteria (1236),Enterobacteriaceae (543),Escherichia (561),Escherichia coli,Enterobacterales (91347),Proteobacteria (1224),Escherichia coli (562),Bacteria (2),-2.7195482,12.76368
NZ_CP053246.1,2020-05-15,50.94830592590607,Homo sapiens,rectal swab from healthy college student,111831,USA: California,whole organism,circular,36.7014631,-118.7559974,"USA,California","IncFIB(AP001918)_1, AP001918, |Col156_1, NC_009781, |IncFII(29)_1, CP003035, ",IncF RST(F29:A-:B-):FIA(-);FIB(10?);FIC(-);FII(29);FIIK(-);FIIS(-);FIIY(-),Gammaproteobacteria (1236),Enterobacteriaceae (543),Escherichia (561),Escherichia coli,Enterobacterales (91347),Proteobacteria (1224),Escherichia coli (562),Bacteria (2),0.5443043000000001,11.949318
NZ_CP053250.1,2020-05-15,51.95058517555268,Homo sapiens,rectal swab from healthy college student,1538,USA: California,whole organism,linear,36.7014631,-118.7559974,"USA,California","Col(MG828)_1, NC_008486, ",,Gammaproteobacteria (1236),Enterobacteriaceae (543),Escherichia (561),Escherichia coli,Enterobacterales (91347),Proteobacteria (1224),Escherichia coli (562),Bacteria (2),-1.307482,-4.8323364
NZ_CP053249.1,2020-05-15,47.54256965944273,Homo sapiens,rectal swab from healthy college student,5168,USA: California,whole organism,linear,36.7014631,-118.7559974,"USA,California","Col156_1, NC_009781, ",,Gammaproteobacteria (1236),Enterobacteriaceae (543),Escherichia (561),Escherichia coli,Enterobacterales (91347),Proteobacteria (1224),Escherichia coli (562),Bacteria (2),-4.115544,-4.4711018
NZ_CP053248.1,2020-05-15,52.57318208461194,Homo sapiens,rectal swab from healthy college student,145015,USA: California,whole organism,circular,36.7014631,-118.7559974,"USA,California","IncFIB(AP001918)_1, AP001918, |Col156_1, NC_009781, |IncQ1_1, M28829, |IncFII(29)_1, CP003035, ",IncF RST(F29:A-:B-):FIA(-);FIB(10?);FIC(-);FII(29);FIIK(-);FIIS(-);FIIY(-),Gammaproteobacteria (1236),Enterobacteriaceae (543),Escherichia (561),Escherichia coli,Enterobacterales (91347),Proteobacteria (1224),Escherichia coli (562),Bacteria (2),0.52596754,11.942914
NZ_CP053233.1,2020-05-15,46.31423250674959,Homo sapiens,rectal swab from healthy college student,112229,USA: California,whole organism,circular,36.7014631,-118.7559974,"USA,California","IncFIB(pLF82-PhagePlasmid)_1, CU638872, ",IncF RST(F-:A-:B-):FIA(-);FIB(-);FIC(-);FII(-);FIIK(-);FIIS(-);FIIY(-),Gammaproteobacteria (1236),Enterobacteriaceae (543),Escherichia (561),Escherichia coli,Enterobacterales (91347),Proteobacteria (1224),Escherichia coli (562),Bacteria (2),19.973875,6.308054
NZ_CP053232.1,2020-05-15,51.303428109251534,Homo sapiens,rectal swab from healthy college student,128584,USA: California,whole organism,linear,36.7014631,-118.7559974,"USA,California","IncFIB(AP001918)_1, AP001918, |Col156_1, NC_009781, |IncFII(pCoo)_1, CR942285, ",IncF RST(F98:A-:B65):FIA(-);FIB(65);FIC(4?);FII(98);FIIK(-);FIIS(-);FIIY(-),Gammaproteobacteria (1236),Enterobacteriaceae (543),Escherichia (561),Escherichia coli,Enterobacterales (91347),Proteobacteria (1224),Escherichia coli (562),Bacteria (2),0.5276763000000001,11.945193
NZ_CP051705.1,2020-05-02,41.67736414206247,Homo sapiens,rectal swab from healthy college student,2337,USA: California,whole organism,linear,36.7014631,-118.7559974,"USA,California","Col(MG828)_1, NC_008486, ",,Gammaproteobacteria (1236),Enterobacteriaceae (543),Escherichia (561),Escherichia coli,Enterobacterales (91347),Proteobacteria (1224),Escherichia coli (562),Bacteria (2),12.185014,11.84003
NZ_CP051704.1,2020-05-02,45.77915777217154,Homo sapiens,rectal swab from healthy college student,5153,USA: California,whole organism,linear,36.7014631,-118.7559974,"USA,California","ColRNAI_1, DQ298019, ",,Gammaproteobacteria (1236),Enterobacteriaceae (543),Escherichia (561),Escherichia coli,Enterobacterales (91347),Proteobacteria (1224),Escherichia coli (562),Bacteria (2),9.839478,5.8054414
NZ_CP051702.1,2020-05-02,53.43532714085215,Homo sapiens,rectal swab from healthy college student,93339,USA: California,whole organism,circular,36.7014631,-118.7559974,"USA,California","IncB/O/K/Z_1, CU928147, ",,Gammaproteobacteria (1236),Enterobacteriaceae (543),Escherichia (561),Escherichia coli,Enterobacterales (91347),Proteobacteria (1224),Escherichia coli (562),Bacteria (2),-3.1905675,12.716433
NZ_CP051701.1,2020-05-02,51.261430809919005,Homo sapiens,rectal swab from healthy college student,120617,USA: California,whole organism,circular,36.7014631,-118.7559974,"USA,California","IncFIB(AP001918)_1, AP001918, |Col156_1, NC_009781, |IncFII_1, AY458016, ",IncF RST(F2:A-:B-):FIA(-);FIB(10?);FIC(-);FII(2);FIIK(-);FIIS(-);FIIY(-),Gammaproteobacteria (1236),Enterobacteriaceae (543),Escherichia (561),Escherichia coli,Enterobacterales (91347),Proteobacteria (1224),Escherichia coli (562),Bacteria (2),0.58162254,11.949585
NZ_CP051710.1,2020-05-02,51.06520335700453,Homo sapiens,rectal swab from healthy college student,1549,USA: California,whole organism,linear,36.7014631,-118.7559974,"USA,California","Col(MG828)_1, NC_008486, ",,Gammaproteobacteria (1236),Enterobacteriaceae (543),Escherichia (561),Escherichia coli,Enterobacterales (91347),Proteobacteria (1224),Escherichia coli (562),Bacteria (2),-1.5866628,-5.261086
NZ_CP051709.1,2020-05-02,48.06926266157223,Homo sapiens,rectal swab from healthy college student,12301,USA: California,whole organism,linear,36.7014631,-118.7559974,"USA,California","ColRNAI_1, DQ298019, ",,Gammaproteobacteria (1236),Enterobacteriaceae (543),Escherichia (561),Escherichia coli,Enterobacterales (91347),Proteobacteria (1224),Escherichia coli (562),Bacteria (2),8.6048765,5.2954473
NZ_CP051708.1,2020-05-02,50.83263661408149,Homo sapiens,rectal swab from healthy college student,72961,USA: California,whole organism,circular,36.7014631,-118.7559974,"USA,California","IncFII_1, AY458016, ",IncF RST(F2:A-:B-):FIA(-);FIB(-);FIC(-);FII(2);FIIK(-);FIIS(-);FIIY(-),Gammaproteobacteria (1236),Enterobacteriaceae (543),Escherichia (561),Escherichia coli,Enterobacterales (91347),Proteobacteria (1224),Escherichia coli (562),Bacteria (2),0.7717238000000001,11.268491
NZ_CP051707.1,2020-05-02,51.0734393910161,Homo sapiens,rectal swab from healthy college student,114026,USA: California,whole organism,circular,36.7014631,-118.7559974,"USA,California","IncFIB(AP001918)_1, AP001918, |Col156_1, NC_009781, |IncFII(29)_1, CP003035, ",IncF RST(F29:A-:B-):FIA(-);FIB(10?);FIC(-);FII(29);FIIK(-);FIIS(-);FIIY(-),Gammaproteobacteria (1236),Enterobacteriaceae (543),Escherichia (561),Escherichia coli,Enterobacterales (91347),Proteobacteria (1224),Escherichia coli (562),Bacteria (2),0.5484469,11.915737
NZ_CP051724.1,2020-05-02,51.95058517555268,Homo sapiens,rectal swab from healthy college student,1538,USA: California,whole organism,linear,36.7014631,-118.7559974,"USA,California","Col(MG828)_1, NC_008486, ",,Gammaproteobacteria (1236),Enterobacteriaceae (543),Escherichia (561),Escherichia coli,Enterobacterales (91347),Proteobacteria (1224),Escherichia coli (562),Bacteria (2),-1.3045004999999998,-4.8267117
NZ_CP051723.1,2020-05-02,49.778978388998034,Homo sapiens,rectal swab from healthy college student,4072,USA: California,whole organism,linear,36.7014631,-118.7559974,"USA,California","Col8282_1, DQ995352, ",,Gammaproteobacteria (1236),Enterobacteriaceae (543),Escherichia (561),Escherichia coli,Enterobacterales (91347),Proteobacteria (1224),Escherichia coli (562),Bacteria (2),-8.723161,10.855416
NZ_CP051722.1,2020-05-02,45.74034542984669,Homo sapiens,rectal swab from healthy college student,5153,USA: California,whole organism,linear,36.7014631,-118.7559974,"USA,California","ColRNAI_1, DQ298019, ",,Gammaproteobacteria (1236),Enterobacteriaceae (543),Escherichia (561),Escherichia coli,Enterobacterales (91347),Proteobacteria (1224),Escherichia coli (562),Bacteria (2),9.8248205,5.7996016
NZ_CP051721.1,2020-05-02,49.78916540165908,Homo sapiens,rectal swab from healthy college student,65217,USA: California,whole organism,circular,36.7014631,-118.7559974,"USA,California","IncFIB(AP001918)_1, AP001918, |IncFIA_1, AP001918, ","IncF RST(F-:A-:B-):FIA(1,6);FIB(58?);FIC(-);FII(-);FIIK(-);FIIS(-);FIIY(-)",Gammaproteobacteria (1236),Enterobacteriaceae (543),Escherichia (561),Escherichia coli,Enterobacterales (91347),Proteobacteria (1224),Escherichia coli (562),Bacteria (2),-1.997168,6.3263164000000005
NZ_CP051720.1,2020-05-02,52.90827874447625,Homo sapiens,rectal swab from healthy college student,83503,USA: California,whole organism,circular,36.7014631,-118.7559974,"USA,California","IncB/O/K/Z_1, CU928147, ",,Gammaproteobacteria (1236),Enterobacteriaceae (543),Escherichia (561),Escherichia coli,Enterobacterales (91347),Proteobacteria (1224),Escherichia coli (562),Bacteria (2),-3.192705,12.69702
NZ_CP051726.1,2020-05-02,51.717093852380025,Homo sapiens,rectal swab from healthy college student,103780,USA: California,whole organism,circular,36.7014631,-118.7559974,"USA,California","IncFIB(AP001918)_1, AP001918, |Col156_1, NC_009781, |IncFII_1, AY458016, ",IncF RST(F51:A-:B-):FIA(-);FIB(10?);FIC(-);FII(51);FIIK(-);FIIS(-);FIIY(-),Gammaproteobacteria (1236),Enterobacteriaceae (543),Escherichia (561),Escherichia coli,Enterobacterales (91347),Proteobacteria (1224),Escherichia coli (562),Bacteria (2),0.64104074,11.685543
NZ_CP051743.1,2020-05-02,41.17034568929613,Homo sapiens,rectal swab from healthy college student,4802,USA: California,whole organism,linear,36.7014631,-118.7559974,"USA,California","Col(pHAD28)_1, KU674895, |Col(MG828)_1, NC_008486, ",,Gammaproteobacteria (1236),Enterobacteriaceae (543),Escherichia (561),Escherichia coli,Enterobacterales (91347),Proteobacteria (1224),Escherichia coli (562),Bacteria (2),1.1569828000000002,2.3207498
NZ_CP051742.1,2020-05-02,44.66081404628891,Homo sapiens,rectal swab from healthy college student,6265,USA: California,whole organism,linear,36.7014631,-118.7559974,"USA,California","ColRNAI_1, DQ298019, ",,Gammaproteobacteria (1236),Enterobacteriaceae (543),Escherichia (561),Escherichia coli,Enterobacterales (91347),Proteobacteria (1224),Escherichia coli (562),Bacteria (2),9.105415,5.645212
NZ_CP051741.1,2020-05-02,41.64252424738632,Homo sapiens,rectal swab from healthy college student,7939,USA: California,whole organism,linear,36.7014631,-118.7559974,"USA,California","ColRNAI_1, DQ298019, ",,Gammaproteobacteria (1236),Enterobacteriaceae (543),Escherichia (561),Escherichia coli,Enterobacterales (91347),Proteobacteria (1224),Escherichia coli (562),Bacteria (2),9.187353,8.608884
NZ_CP051740.1,2020-05-02,53.51953004225497,Homo sapiens,rectal swab from healthy college student,9703,USA: California,whole organism,linear,36.7014631,-118.7559974,"USA,California","Col(pHAD28)_1, KU674895, ",,Gammaproteobacteria (1236),Enterobacteriaceae (543),Escherichia (561),Escherichia coli,Enterobacterales (91347),Proteobacteria (1224),Escherichia coli (562),Bacteria (2),4.473914,6.5438123
NZ_CP051739.1,2020-05-02,49.710647812914544,Homo sapiens,rectal swab from healthy college student,172627,USA: California,whole organism,linear,36.7014631,-118.7559974,"USA,California","IncFIB(AP001918)_1, AP001918, |IncFII(pSE11)_1, AP009242, |IncFII(pHN7A8)_1, JN232517, ",IncF RST(F-:A-:B-):FIA(-);FIB(~12);FIC(5?);FII(~68);FIIK(-);FIIS(-);FIIY(-),Gammaproteobacteria (1236),Enterobacteriaceae (543),Escherichia (561),Escherichia coli,Enterobacterales (91347),Proteobacteria (1224),Escherichia coli (562),Bacteria (2),0.7711296999999999,11.262021
NZ_CP051691.1,2020-05-02,44.72329472329472,Homo sapiens,rectal swab from healthy college student,6216,USA: California,whole organism,linear,36.7014631,-118.7559974,"USA,California","Col156_1, NC_009781, ",,Gammaproteobacteria (1236),Enterobacteriaceae (543),Escherichia (561),Escherichia coli,Enterobacterales (91347),Proteobacteria (1224),Escherichia coli (562),Bacteria (2),-4.179913,-4.5367804000000005
NZ_CP051690.1,2020-05-02,51.992772065560416,Homo sapiens,rectal swab from healthy college student,39292,USA: California,whole organism,linear,36.7014631,-118.7559974,"USA,California","IncFII(pSE11)_1, AP009242, ",IncF RST(F35:A-:B-):FIA(-);FIB(-);FIC(5?);FII(35);FIIK(-);FIIS(-);FIIY(-),Gammaproteobacteria (1236),Enterobacteriaceae (543),Escherichia (561),Escherichia coli,Enterobacterales (91347),Proteobacteria (1224),Escherichia coli (562),Bacteria (2),1.1279837,11.259836
NZ_CP051689.1,2020-05-02,49.80914527160096,Homo sapiens,rectal swab from healthy college student,139635,USA: California,whole organism,circular,36.7014631,-118.7559974,"USA,California","IncFIB(AP001918)_1, AP001918, |IncFII_1, AY458016, ",IncF RST(F52:A-:B-):FIA(-);FIB(10?);FIC(-);FII(52);FIIK(-);FIIS(-);FIIY(-),Gammaproteobacteria (1236),Enterobacteriaceae (543),Escherichia (561),Escherichia coli,Enterobacterales (91347),Proteobacteria (1224),Escherichia coli (562),Bacteria (2),0.5672363,11.847814
NZ_CP051697.1,2020-05-02,49.8647651831817,Homo sapiens,rectal swab from healthy college student,4067,USA: California,whole organism,linear,36.7014631,-118.7559974,"USA,California","Col8282_1, DQ995352, ",,Gammaproteobacteria (1236),Enterobacteriaceae (543),Escherichia (561),Escherichia coli,Enterobacterales (91347),Proteobacteria (1224),Escherichia coli (562),Bacteria (2),-8.67033,10.65472
NZ_CP051696.1,2020-05-02,50.8861815257216,Homo sapiens,rectal swab from healthy college student,67142,USA: California,whole organism,circular,36.7014631,-118.7559974,"USA,California","IncFII_1, AY458016, ",IncF RST(F51:A-:B-):FIA(-);FIB(-);FIC(-);FII(51);FIIK(-);FIIS(-);FIIY(-),Gammaproteobacteria (1236),Enterobacteriaceae (543),Escherichia (561),Escherichia coli,Enterobacterales (91347),Proteobacteria (1224),Escherichia coli (562),Bacteria (2),0.78711355,11.262618
NZ_CP051695.1,2020-05-02,52.36446097500807,Homo sapiens,rectal swab from healthy college student,105394,USA: California,whole organism,circular,36.7014631,-118.7559974,"USA,California","IncFIB(AP001918)_1, AP001918, |IncFIA_1, AP001918, ","IncF RST(F-:A-:B-):FIA(1,6);FIB(40?);FIC(-);FII(-);FIIK(-);FIIS(-);FIIY(-)",Gammaproteobacteria (1236),Enterobacteriaceae (543),Escherichia (561),Escherichia coli,Enterobacterales (91347),Proteobacteria (1224),Escherichia coli (562),Bacteria (2),-2.134418,6.2859597
NZ_CP051713.1,2020-05-02,52.76380316225586,Homo sapiens,rectal swab from healthy college student,94616,USA: California,whole organism,linear,36.7014631,-118.7559974,"USA,California","IncB/O/K/Z_2, GU256641, ",,Gammaproteobacteria (1236),Enterobacteriaceae (543),Escherichia (561),Escherichia coli,Enterobacterales (91347),Proteobacteria (1224),Escherichia coli (562),Bacteria (2),-3.1688716,12.726892
NZ_CP051712.1,2020-05-02,50.87088936796359,Homo sapiens,rectal swab from healthy college student,116892,USA: California,whole organism,circular,36.7014631,-118.7559974,"USA,California","IncFIB(AP001918)_1, AP001918, |Col156_1, NC_009781, |IncFII(29)_1, CP003035, ",IncF RST(F29:A-:B-):FIA(-);FIB(10?);FIC(-);FII(29);FIIK(-);FIIS(-);FIIY(-),Gammaproteobacteria (1236),Enterobacteriaceae (543),Escherichia (561),Escherichia coli,Enterobacterales (91347),Proteobacteria (1224),Escherichia coli (562),Bacteria (2),0.5487063,11.935943
NZ_CP051732.1,2020-05-02,45.60085836909871,Homo sapiens,rectal swab from healthy college student,4660,USA: California,whole organism,linear,36.7014631,-118.7559974,"USA,California","ColRNAI_1, DQ298019, ",,Gammaproteobacteria (1236),Enterobacteriaceae (543),Escherichia (561),Escherichia coli,Enterobacterales (91347),Proteobacteria (1224),Escherichia coli (562),Bacteria (2),1.7377496,4.069529
NZ_CP051731.1,2020-05-02,46.34022365299897,Homo sapiens,rectal swab from healthy college student,5902,USA: California,whole organism,linear,36.7014631,-118.7559974,"USA,California","ColRNAI_1, DQ298019, ",,Gammaproteobacteria (1236),Enterobacteriaceae (543),Escherichia (561),Escherichia coli,Enterobacterales (91347),Proteobacteria (1224),Escherichia coli (562),Bacteria (2),9.110083,5.588853
NZ_CP051730.1,2020-05-02,51.30216040248593,Homo sapiens,rectal swab from healthy college student,6758,USA: California,whole organism,linear,36.7014631,-118.7559974,"USA,California","Col156_1, NC_009781, ",,Gammaproteobacteria (1236),Enterobacteriaceae (543),Escherichia (561),Escherichia coli,Enterobacterales (91347),Proteobacteria (1224),Escherichia coli (562),Bacteria (2),9.328833,19.790388
NZ_CP051729.1,2020-05-02,48.19835407044097,Homo sapiens,rectal swab from healthy college student,66467,USA: California,whole organism,circular,36.7014631,-118.7559974,"USA,California","IncFII_1, AY458016, ",IncF RST(F95:A-:B-):FIA(-);FIB(-);FIC(-);FII(95);FIIK(-);FIIS(-);FIIY(-),Gammaproteobacteria (1236),Enterobacteriaceae (543),Escherichia (561),Escherichia coli,Enterobacterales (91347),Proteobacteria (1224),Escherichia coli (562),Bacteria (2),0.40468442,10.703511
NZ_CP051728.1,2020-05-02,49.374594791188976,Homo sapiens,rectal swab from healthy college student,189717,USA: California,whole organism,circular,36.7014631,-118.7559974,"USA,California","IncFIA(HI1)_1, AF250878, |IncFIC(FII)_1, AP001918, ",IncF RST(F-:A-:B-):FIA(~19);FIB(-);FIC(-);FII(16?);FIIK(-);FIIS(-);FIIY(-),Gammaproteobacteria (1236),Enterobacteriaceae (543),Escherichia (561),Escherichia coli,Enterobacterales (91347),Proteobacteria (1224),Escherichia coli (562),Bacteria (2),0.3732185,10.699663
NZ_CP051699.1,2020-05-02,49.58388160705436,Homo sapiens,rectal swab from healthy college student,117034,USA: California,whole organism,circular,36.7014631,-118.7559974,"USA,California","IncFIB(AP001918)_1, AP001918, |IncFII_1, AY458016, ",IncF RST(F-:A-:B-):FIA(-);FIB(24?);FIC(5?);FII(21?);FIIK(-);FIIS(-);FIIY(-),Gammaproteobacteria (1236),Enterobacteriaceae (543),Escherichia (561),Escherichia coli,Enterobacterales (91347),Proteobacteria (1224),Escherichia coli (562),Bacteria (2),0.36669496,10.660732
NZ_CP051718.1,2020-05-02,40.97736407869685,Homo sapiens,rectal swab from healthy college student,4727,USA: California,whole organism,linear,36.7014631,-118.7559974,"USA,California","Col(pHAD28)_1, KU674895, ",,Gammaproteobacteria (1236),Enterobacteriaceae (543),Escherichia (561),Escherichia coli,Enterobacterales (91347),Proteobacteria (1224),Escherichia coli (562),Bacteria (2),7.9245787,5.88245
NZ_CP051717.1,2020-05-02,50.38012107560186,Homo sapiens,rectal swab from healthy college student,85236,USA: California,whole organism,circular,36.7014631,-118.7559974,"USA,California","IncFIB(AP001918)_1, AP001918, |IncQ1_1, M28829, ",IncF RST(F-:A-:B-):FIA(-);FIB(58?);FIC(-);FII(-);FIIK(-);FIIS(-);FIIY(-),Gammaproteobacteria (1236),Enterobacteriaceae (543),Escherichia (561),Escherichia coli,Enterobacterales (91347),Proteobacteria (1224),Escherichia coli (562),Bacteria (2),-0.84464294,10.994762
NZ_CP051737.1,2020-05-02,50.67923211169285,Homo sapiens,rectal swab from healthy college student,71625,USA: California,whole organism,circular,36.7014631,-118.7559974,"USA,California","IncFII_1, AY458016, ",IncF RST(F2:A-:B-):FIA(-);FIB(-);FIC(-);FII(2);FIIK(-);FIIS(-);FIIY(-),Gammaproteobacteria (1236),Enterobacteriaceae (543),Escherichia (561),Escherichia coli,Enterobacterales (91347),Proteobacteria (1224),Escherichia coli (562),Bacteria (2),0.76425797,11.26491
NZ_CP051736.1,2020-05-02,50.86785802886302,Homo sapiens,rectal swab from healthy college student,116897,USA: California,whole organism,circular,36.7014631,-118.7559974,"USA,California","IncFIB(AP001918)_1, AP001918, |Col156_1, NC_009781, |IncFII(29)_1, CP003035, ",IncF RST(F29:A-:B-):FIA(-);FIB(10?);FIC(-);FII(29);FIIK(-);FIIS(-);FIIY(-),Gammaproteobacteria (1236),Enterobacteriaceae (543),Escherichia (561),Escherichia coli,Enterobacterales (91347),Proteobacteria (1224),Escherichia coli (562),Bacteria (2),0.54544526,11.940991
NZ_CP051748.1,2020-05-02,49.41205291523764,Homo sapiens,rectal swab from healthy college student,4082,USA: California,whole organism,circular,36.7014631,-118.7559974,"USA,California","Col8282_1, DQ995352, ",,Gammaproteobacteria (1236),Enterobacteriaceae (543),Escherichia (561),Escherichia coli,Enterobacterales (91347),Proteobacteria (1224),Escherichia coli (562),Bacteria (2),-8.46937,10.789224
NZ_CP051747.1,2020-05-02,43.90822784810127,Homo sapiens,rectal swab from healthy college student,6320,USA: California,whole organism,circular,36.7014631,-118.7559974,"USA,California","ColRNAI_1, DQ298019, ",,Gammaproteobacteria (1236),Enterobacteriaceae (543),Escherichia (561),Escherichia coli,Enterobacterales (91347),Proteobacteria (1224),Escherichia coli (562),Bacteria (2),8.8739,5.4453044
NZ_CP051746.1,2020-05-02,51.22890139176784,Homo sapiens,rectal swab from healthy college student,6754,USA: California,whole organism,circular,36.7014631,-118.7559974,"USA,California","Col156_1, NC_009781, ",,Gammaproteobacteria (1236),Enterobacteriaceae (543),Escherichia (561),Escherichia coli,Enterobacterales (91347),Proteobacteria (1224),Escherichia coli (562),Bacteria (2),9.332733,19.786781
NZ_CP051745.1,2020-05-02,50.11825922421949,Homo sapiens,rectal swab from healthy college student,80332,USA: California,whole organism,circular,36.7014631,-118.7559974,"USA,California","IncI1-I(Alpha)_1, AP005147, ",,Gammaproteobacteria (1236),Enterobacteriaceae (543),Escherichia (561),Escherichia coli,Enterobacterales (91347),Proteobacteria (1224),Escherichia coli (562),Bacteria (2),7.696125500000001,8.735546000000001
NZ_CP051752.1,2020-05-02,46.69042769857434,Homo sapiens,rectal swab from healthy college student,5892,USA: California,whole organism,linear,36.7014631,-118.7559974,"USA,California","ColRNAI_1, DQ298019, ",,Gammaproteobacteria (1236),Enterobacteriaceae (543),Escherichia (561),Escherichia coli,Enterobacterales (91347),Proteobacteria (1224),Escherichia coli (562),Bacteria (2),8.908311999999999,5.550006400000001
NZ_CP051715.1,2020-05-02,51.01905028715508,Homo sapiens,rectal swab from healthy college student,114224,USA: California,whole organism,circular,36.7014631,-118.7559974,"USA,California","IncFIB(AP001918)_1, AP001918, |Col156_1, NC_009781, |IncFII(29)_1, CP003035, ",IncF RST(F29:A-:B-):FIA(-);FIB(10?);FIC(-);FII(29);FIIK(-);FIIS(-);FIIY(-),Gammaproteobacteria (1236),Enterobacteriaceae (543),Escherichia (561),Escherichia coli,Enterobacterales (91347),Proteobacteria (1224),Escherichia coli (562),Bacteria (2),0.5478611,11.931829
NZ_CP051734.1,2020-05-02,50.27355072463768,Homo sapiens,rectal swab from healthy college student,110400,USA: California,whole organism,circular,36.7014631,-118.7559974,"USA,California","IncFIB(AP001918)_1, AP001918, |Col156_1, NC_009781, |IncFII(29)_1, CP003035, ",IncF RST(F29:A-:B-):FIA(-);FIB(10?);FIC(-);FII(29);FIIK(-);FIIS(-);FIIY(-),Gammaproteobacteria (1236),Enterobacteriaceae (543),Escherichia (561),Escherichia coli,Enterobacterales (91347),Proteobacteria (1224),Escherichia coli (562),Bacteria (2),0.5402089,11.865891
NZ_CP041299.1,2019-07-12,49.47368958927349,Homo sapiens,urine from healthy adult with cystitis,195702,Canada: Montreal,,circular,45.503973,-73.57836800000003,,"IncFIC(FII)_1, AP001918, |IncFIB(AP001918)_1, AP001918, ",IncF RST(--:A-:B1):FIA(-);FIB(1);FIC(4);FII(18);FIIK(-);FIIS(-);FIIY(-),Gammaproteobacteria (1236),Enterobacteriaceae (543),Escherichia (561),Escherichia coli O1:H42,Enterobacterales (91347),Proteobacteria (1224),Escherichia coli (562),Bacteria (2),10.417744,-0.84487265
NZ_CP041301.1,2019-07-12,51.82733103765229,Homo sapiens,urine from healthy adult with cystitis,150137,Canada: Montreal,,circular,45.503973,-73.57836800000003,,"IncFIB(AP001918)_1, AP001918, |IncFII(pCoo)_1, CR942285, ",IncF RST(F16:A-:B1):FIA(-);FIB(1);FIC(-);FII(16);FIIK(-);FIIS(-);FIIY(-),Gammaproteobacteria (1236),Enterobacteriaceae (543),Escherichia (561),Escherichia coli,Enterobacterales (91347),Proteobacteria (1224),Escherichia coli (562),Bacteria (2),-0.7743911,11.032674
NZ_CP041303.1,2019-07-12,49.83064823036915,Homo sapiens,urine from healthy adult with cystitis,157660,Canada: Montreal,,circular,45.503973,-73.57836800000003,,"IncFIA_1, AP001918, |IncFIB(AP001918)_1, AP001918, |IncFIC(FII)_1, AP001918, ",IncF RST(--:A6:B42):FIA(6);FIB(42);FIC(4);FII(18);FIIK(-);FIIS(-);FIIY(-),Gammaproteobacteria (1236),Enterobacteriaceae (543),Escherichia (561),Escherichia coli,Enterobacterales (91347),Proteobacteria (1224),Escherichia coli (562),Bacteria (2),-1.0562809,11.105679
NZ_CP053253.1,2020-05-19,51.14197176632618,Homo sapiens,rectal swab from healthy college student,174260,USA: California,whole organism,linear,36.7014631,-118.7559974,"USA,California","IncFIA_1, AP001918, |IncFIB(AP001918)_1, AP001918, |Col156_1, NC_009781, |IncQ1_1, M28829, |IncI1-I(Alpha)_1, AP005147, ","IncF RST(F-:A-:B10):FIA(1,6);FIB(10);FIC(-);FII(-);FIIK(-);FIIS(-);FIIY(-)",Gammaproteobacteria (1236),Enterobacteriaceae (543),Escherichia (561),Escherichia coli,Enterobacterales (91347),Proteobacteria (1224),Escherichia coli (562),Bacteria (2),-1.9551053,5.7987757
NZ_CP051703.1,2020-05-02,56.687071044333145,Homo sapiens,rectal swab from healthy college student,5391,USA: California,whole organism,linear,36.7014631,-118.7559974,"USA,California",,,Gammaproteobacteria (1236),Enterobacteriaceae (543),Escherichia (561),Escherichia coli,Enterobacterales (91347),Proteobacteria (1224),Escherichia coli (562),Bacteria (2),1.2175905,11.183674
